id,email,day,month,year,season,outsideTemprature,outsidePressure,outsideHumidity,outsidePrecip,roomTemprature
1,mivannikov0@typepad.com,23,4,2008,2,82,32,65,127,71
2,cquinnelly1@youku.com,26,6,2005,2,73,25,53,125,72
3,hdumbelton2@fc2.com,5,6,2003,2,50,34,59,108,68
4,sskones3@example.com,22,5,2015,2,69,27,64,100,70
5,kspargo4@apache.org,18,5,2003,2,83,28,56,111,69
6,jrenals5@vimeo.com,5,5,2014,2,84,30,60,110,69
7,cfeatherby6@nhs.uk,7,6,2017,2,56,34,58,121,70
8,rschnieder7@123-reg.co.uk,17,4,2011,2,72,26,66,117,70
9,arennison8@psu.edu,29,5,2002,2,78,28,54,112,68
10,gpimm9@unicef.org,1,4,2013,2,88,29,64,90,68
11,vblackaha@youtu.be,4,4,2019,2,65,28,57,115,68
12,mshowenb@reverbnation.com,3,6,2017,2,61,29,53,76,71
13,jbuckelc@cam.ac.uk,23,6,2001,2,68,29,57,78,69
14,lbraggerd@icio.us,21,4,2001,2,53,27,58,111,68
15,ibrennane@t-online.de,12,4,2003,2,77,32,66,79,69
16,fdiboldif@bluehost.com,13,6,2013,2,56,32,53,101,68
17,cgianinottig@ft.com,30,4,2005,2,61,29,53,102,70
18,scraigsh@gnu.org,23,4,2000,2,59,28,60,119,70
19,lbrenneni@sciencedirect.com,18,6,2002,2,82,30,56,121,71
20,ccarnachenj@oracle.com,18,6,2002,2,70,27,59,77,70
21,dstolzk@yellowpages.com,19,4,2008,2,86,32,53,114,70
22,rburstowel@umich.edu,19,6,2012,2,72,25,60,104,68
23,sjohannm@youtu.be,15,4,2006,2,55,32,56,80,72
24,apogsonn@guardian.co.uk,6,6,2012,2,68,33,56,81,70
25,eselbieo@last.fm,13,5,2018,2,66,31,57,121,70
26,kpeircep@diigo.com,6,5,2017,2,59,28,59,112,70
27,waldisq@theatlantic.com,17,6,2008,2,51,32,55,104,72
28,jfeversr@umn.edu,21,4,2008,2,58,35,55,114,68
29,fmarrans@google.es,3,6,2006,2,73,31,66,94,68
30,aodooghainet@rambler.ru,5,4,2006,2,81,30,62,92,71
31,mmccasteru@ucla.edu,29,4,2012,2,79,31,60,108,68
32,dalessandrucciv@cbsnews.com,29,4,2018,2,53,30,64,81,68
33,jmarzelew@si.edu,19,4,2011,2,54,27,64,92,70
34,jandrockx@dailymotion.com,28,4,2010,2,79,28,53,117,71
35,hbrookey@hibu.com,16,6,2011,2,87,26,53,83,72
36,saymesz@wordpress.com,22,5,2007,2,72,31,54,91,71
37,sunstead10@ucla.edu,22,6,2004,2,56,31,67,98,68
38,rkitcher11@blogger.com,29,5,2009,2,83,27,57,125,68
39,jfarmloe12@nature.com,17,4,2012,2,64,35,60,123,71
40,bdeblasi13@spotify.com,4,5,2017,2,86,30,62,125,70
41,pgadie14@java.com,3,4,2007,2,67,28,65,118,70
42,mtratton15@linkedin.com,28,5,2020,2,89,35,60,78,69
43,bkinworthy16@google.co.jp,4,4,2007,2,69,30,64,82,69
44,kbernadzki17@mail.ru,17,5,2010,2,55,27,59,82,70
45,helnaugh18@usa.gov,16,6,2002,2,84,26,63,78,70
46,rmacellar19@usda.gov,14,5,2008,2,85,30,62,121,70
47,rpritty1a@chronoengine.com,10,6,2008,2,79,26,56,76,69
48,ebaumadier1b@hubpages.com,14,5,2001,2,60,30,65,113,72
49,haizikov1c@dropbox.com,14,6,2018,2,72,30,60,111,69
50,mkenaway1d@mediafire.com,6,4,2006,2,78,27,65,87,72
51,dhulle1e@nytimes.com,18,6,2006,2,72,29,63,114,70
52,lklimaszewski1f@nymag.com,25,4,2017,2,88,34,64,121,70
53,dflatt1g@nifty.com,17,4,2001,2,88,28,66,109,69
54,cscarrott1h@indiatimes.com,2,6,2009,2,51,25,66,80,72
55,zloveday1i@mit.edu,17,4,2010,2,72,33,66,97,70
56,aderoche1j@goo.gl,27,5,2003,2,60,27,58,115,71
57,akittow1k@psu.edu,6,4,2002,2,82,28,66,94,71
58,dmill1l@hexun.com,3,4,2011,2,78,32,56,113,71
59,jandreone1m@nyu.edu,25,6,2007,2,68,35,54,118,68
60,ehector1n@com.com,2,4,2015,2,54,26,54,127,68
61,jgroocock1o@meetup.com,20,6,2001,2,63,35,66,77,72
62,mfurmenger1p@infoseek.co.jp,19,4,2004,2,60,27,58,107,72
63,rfassbender1q@nymag.com,14,4,2006,2,70,28,66,110,70
64,vduggary1r@ustream.tv,27,5,2018,2,78,28,55,85,68
65,doskehan1s@narod.ru,10,5,2011,2,87,32,65,123,70
66,mlouis1t@foxnews.com,13,6,2016,2,60,26,57,93,72
67,pmordacai1u@exblog.jp,9,5,2020,2,55,33,60,83,69
68,tgranham1v@oakley.com,23,5,2001,2,71,33,65,101,72
69,gplewman1w@yellowbook.com,18,4,2015,2,57,29,66,86,70
70,dpickervance1x@hugedomains.com,30,4,2009,2,81,29,56,78,69
71,lorsi1y@ameblo.jp,10,5,2010,2,85,31,62,85,69
72,jkennaird1z@google.nl,15,5,2014,2,77,27,66,109,69
73,kbernuzzi20@furl.net,10,5,2020,2,66,31,65,125,68
74,udeeming21@newyorker.com,26,6,2019,2,81,25,53,81,71
75,qmacer22@opera.com,29,6,2000,2,62,28,66,76,71
76,vmarkushkin23@mac.com,14,6,2014,2,81,27,63,125,72
77,mtorrans24@reverbnation.com,9,5,2014,2,87,29,63,115,70
78,ghamer25@paginegialle.it,18,6,2010,2,85,32,61,127,71
79,gdeviney26@marketwatch.com,2,5,2010,2,60,30,53,87,72
80,krawcliff27@youtube.com,2,5,2003,2,56,34,57,87,68
81,rhawsby28@360.cn,16,5,2012,2,88,25,61,85,69
82,yrodgers29@mayoclinic.com,30,6,2008,2,82,28,57,117,70
83,onoseworthy2a@sina.com.cn,8,6,2011,2,50,28,57,91,70
84,stolumello2b@home.pl,1,6,2008,2,59,25,61,93,72
85,ksoonhouse2c@over-blog.com,1,4,2016,2,52,29,62,96,71
86,tclacson2d@ocn.ne.jp,26,5,2011,2,69,31,57,81,69
87,cbudnk2e@blinklist.com,21,6,2020,2,58,33,60,93,71
88,fnanelli2f@ucoz.com,3,6,2020,2,61,28,67,111,72
89,rfont2g@reddit.com,19,4,2007,2,82,28,66,87,69
90,jforestel2h@liveinternet.ru,16,6,2012,2,51,28,56,110,71
91,jbraham2i@blogspot.com,3,4,2011,2,78,34,56,122,72
92,lbalmforth2j@narod.ru,17,5,2014,2,66,34,61,115,68
93,aguerrieri2k@sciencedirect.com,27,5,2019,2,68,29,61,98,70
94,sgullan2l@cbc.ca,29,5,2008,2,53,27,60,79,72
95,lburman2m@prweb.com,6,4,2017,2,64,25,67,91,70
96,sheinreich2n@epa.gov,8,5,2008,2,83,30,66,109,68
97,rcrowdy2o@xing.com,9,4,2016,2,72,35,56,103,70
98,fayrton2p@apache.org,5,6,2008,2,62,33,62,100,71
99,hwriter2q@bravesites.com,19,4,2017,2,71,30,63,89,69
100,mcrumbie2r@csmonitor.com,7,4,2012,2,86,32,53,126,71
101,kneighbour2s@addthis.com,30,4,2016,2,76,31,62,83,68
102,rironside2t@dot.gov,17,5,2012,2,59,27,67,82,72
103,hgellan2u@webeden.co.uk,11,5,2004,2,58,25,61,126,69
104,pcoleford2v@people.com.cn,15,5,2010,2,63,28,57,123,68
105,kpressey2w@dagondesign.com,11,4,2013,2,80,30,64,107,72
106,sstewartson2x@foxnews.com,25,5,2011,2,87,29,62,104,68
107,ubumphries2y@bbc.co.uk,18,5,2010,2,52,33,55,119,71
108,nlathee2z@un.org,25,6,2003,2,83,34,53,87,71
109,amclelland30@macromedia.com,30,5,2013,2,84,25,60,116,68
110,aseeborne31@biglobe.ne.jp,6,5,2000,2,87,30,55,79,69
111,agoodspeed32@businesswire.com,10,6,2013,2,76,34,57,89,72
112,eofergus33@i2i.jp,22,4,2006,2,59,34,65,100,69
113,ntander34@w3.org,21,5,2016,2,50,34,66,84,71
114,rcearley35@blogspot.com,4,4,2017,2,89,29,66,88,72
115,osnel36@twitter.com,14,6,2012,2,74,25,58,77,69
116,gwoltering37@yellowpages.com,24,6,2012,2,75,25,65,94,69
117,jciric38@dedecms.com,19,5,2004,2,67,31,64,90,70
118,ccapey39@homestead.com,26,4,2005,2,84,30,66,115,70
119,fpaten3a@nih.gov,30,5,2004,2,80,26,58,94,68
120,moldaker3b@army.mil,2,4,2015,2,72,32,53,122,72
121,mkillwick3c@upenn.edu,19,6,2000,2,88,35,58,107,69
122,fspeir3d@canalblog.com,10,4,2014,2,69,32,66,121,72
123,cskae3e@squarespace.com,12,5,2013,2,65,25,62,81,71
124,dcoggell3f@tinypic.com,22,6,2007,2,81,25,56,97,71
125,pspinello3g@quantcast.com,28,6,2001,2,54,33,62,115,71
126,mbleyman3h@buzzfeed.com,9,6,2010,2,56,25,53,104,69
127,clemon3i@google.com.au,15,4,2010,2,82,32,59,84,69
128,acoch3j@tumblr.com,13,4,2007,2,50,35,64,101,70
129,vclash3k@over-blog.com,12,5,2018,2,55,29,66,125,70
130,lhurdman3l@wix.com,18,5,2010,2,76,35,65,86,72
131,canthill3m@answers.com,11,6,2006,2,76,31,64,102,70
132,gibbeson3n@slashdot.org,22,5,2011,2,50,32,61,115,72
133,aratt3o@dailymail.co.uk,1,4,2007,2,69,34,59,103,69
134,mfilyakov3p@zimbio.com,1,4,2007,2,72,30,54,119,70
135,epennazzi3q@deviantart.com,14,4,2005,2,86,31,64,82,70
136,mesherwood3r@uol.com.br,20,5,2007,2,87,29,65,90,69
137,mclemenceau3s@amazon.co.uk,28,6,2019,2,89,33,53,79,69
138,aformigli3t@histats.com,29,6,2013,2,61,34,67,88,69
139,klammers3u@nsw.gov.au,25,6,2010,2,87,25,54,125,72
140,cmcdonogh3v@symantec.com,8,5,2013,2,63,26,64,126,72
141,kbeagin3w@mlb.com,5,4,2009,2,51,26,65,97,71
142,cchree3x@ted.com,7,4,2013,2,85,27,62,104,71
143,ctrowsdall3y@usda.gov,5,4,2018,2,70,27,54,78,70
144,gferrea3z@yolasite.com,17,4,2005,2,76,26,56,113,72
145,hdjekic40@discovery.com,7,4,2015,2,65,25,62,76,70
146,gpledge41@abc.net.au,27,5,2012,2,62,30,63,98,68
147,lmackereth42@technorati.com,4,5,2006,2,54,32,62,114,68
148,olindenberg43@yale.edu,28,5,2019,2,88,29,57,101,69
149,yfirle44@slate.com,8,5,2011,2,65,31,62,125,71
150,cdevonport45@jigsy.com,6,4,2011,2,73,34,65,108,72
151,nwiddison46@google.co.uk,29,5,2000,2,53,33,56,121,70
152,apetru47@slideshare.net,3,5,2003,2,59,28,63,120,70
153,esterman48@github.com,8,6,2006,2,52,25,54,113,68
154,cpecey49@goodreads.com,7,5,2012,2,80,35,62,123,72
155,mtezure4a@hao123.com,7,6,2009,2,58,34,66,114,69
156,slampl4b@state.tx.us,9,5,2015,2,67,31,60,94,72
157,bgiacomucci4c@imgur.com,8,5,2016,2,82,27,60,120,68
158,rmorcombe4d@nsw.gov.au,14,4,2009,2,53,25,57,106,70
159,cmarson4e@ask.com,15,4,2011,2,77,35,66,94,71
160,gdowney4f@g.co,29,6,2016,2,63,26,56,87,70
161,fprowting4g@ftc.gov,23,4,2009,2,69,26,55,113,70
162,fmansour4h@nps.gov,2,6,2000,2,85,29,59,127,72
163,cloach4i@prnewswire.com,22,6,2009,2,81,28,58,89,70
164,srollason4j@blogger.com,28,6,2001,2,73,27,65,114,70
165,gpointer4k@blog.com,15,4,2004,2,70,32,65,102,71
166,pchansonne4l@nifty.com,24,6,2011,2,60,35,66,90,68
167,mjoiner4m@nyu.edu,23,4,2002,2,89,32,60,90,71
168,ibenasik4n@nyu.edu,11,5,2010,2,61,27,65,114,69
169,fconnue4o@nhs.uk,4,5,2017,2,63,30,60,99,71
170,pflorentine4p@ameblo.jp,23,5,2006,2,71,25,63,121,71
171,bbrinklow4q@uol.com.br,20,4,2006,2,62,25,60,122,72
172,tbaynon4r@npr.org,28,4,2020,2,77,33,61,90,71
173,wpaddington4s@sina.com.cn,20,6,2016,2,66,32,56,90,70
174,gsedgefield4t@shinystat.com,10,6,2002,2,59,34,59,113,68
175,lrolinson4u@japanpost.jp,21,6,2007,2,55,28,61,80,68
176,ebazek4v@biblegateway.com,10,5,2019,2,61,34,61,119,70
177,dterran4w@slideshare.net,20,4,2014,2,73,30,56,104,71
178,ldavenhall4x@diigo.com,13,6,2003,2,52,30,56,81,72
179,sorehead4y@ning.com,24,5,2019,2,88,34,65,118,71
180,dgifkins4z@comcast.net,26,5,2018,2,82,27,62,94,70
181,sgiven50@chicagotribune.com,23,4,2015,2,55,34,55,119,70
182,abittany51@yellowbook.com,23,5,2010,2,75,30,59,96,68
183,fcuthbertson52@dailymail.co.uk,30,6,2013,2,81,25,64,96,71
184,ldacks53@google.com.au,7,5,2001,2,74,27,66,94,71
185,gmcneilley54@samsung.com,29,4,2007,2,72,26,60,108,69
186,rwalsham55@chron.com,4,4,2002,2,56,28,62,79,70
187,ashorbrook56@hexun.com,17,6,2007,2,78,30,58,115,68
188,cable57@macromedia.com,25,4,2012,2,62,32,54,101,70
189,fhill58@storify.com,10,5,2017,2,83,32,63,96,69
190,jclucas59@google.com.au,24,5,2016,2,88,33,63,113,69
191,smccoveney5a@phoca.cz,28,6,2009,2,72,34,61,86,71
192,adecarteret5b@blog.com,25,6,2002,2,75,28,55,127,70
193,gsalasar5c@weebly.com,22,6,2010,2,61,25,55,123,72
194,achapple5d@samsung.com,3,6,2007,2,58,26,63,104,68
195,jjayes5e@histats.com,21,5,2007,2,63,25,66,119,68
196,gskyrm5f@mit.edu,16,4,2010,2,83,30,58,77,71
197,bbeckenham5g@gnu.org,12,4,2007,2,57,30,67,81,70
198,bodyvoy5h@wisc.edu,12,6,2017,2,54,27,56,125,72
199,oflynn5i@nbcnews.com,4,5,2013,2,80,32,55,89,72
200,jpetera5j@illinois.edu,21,5,2020,2,69,25,67,87,70
201,hgiannasi5k@wordpress.com,28,5,2018,2,81,25,59,91,72
202,bgoodall5l@51.la,25,5,2007,2,79,32,63,123,71
203,mcockett5m@nyu.edu,22,4,2003,2,54,25,64,99,70
204,gdavidoff5n@is.gd,5,5,2006,2,84,35,57,120,72
205,vdecopeman5o@fotki.com,15,6,2016,2,51,35,64,88,69
206,lrees5p@behance.net,28,6,2008,2,57,26,60,110,70
207,hbaroche5q@omniture.com,28,4,2009,2,86,31,57,99,70
208,egarthshore5r@nifty.com,6,6,2010,2,88,35,54,119,68
209,avalek5s@qq.com,8,4,2009,2,61,29,64,116,70
210,brubica5t@sfgate.com,27,5,2000,2,60,32,53,119,69
211,mwickliffe5u@elegantthemes.com,1,5,2020,2,57,31,57,95,70
212,cmoyler5v@ted.com,18,6,2004,2,52,34,66,106,70
213,rmidden5w@time.com,30,5,2010,2,72,25,66,107,71
214,pjeffries5x@nasa.gov,1,5,2001,2,75,31,56,80,71
215,mhoffman5y@histats.com,5,4,2018,2,55,31,60,120,72
216,nbarfield5z@naver.com,23,4,2001,2,89,35,64,116,69
217,tforten60@usgs.gov,10,6,2002,2,68,35,60,101,68
218,oanthiftle61@google.ca,3,4,2011,2,71,31,67,101,69
219,vblackborow62@microsoft.com,3,5,2000,2,73,32,60,115,68
220,kpostill63@facebook.com,9,6,2000,2,66,31,53,108,69
221,eanfonsi64@scientificamerican.com,3,4,2020,2,73,26,65,115,72
222,gdametti65@disqus.com,15,6,2015,2,69,26,60,122,68
223,jmclugish66@istockphoto.com,15,5,2003,2,55,25,63,101,68
224,pstot67@hostgator.com,27,4,2001,2,84,31,63,77,71
225,mjanks68@theguardian.com,11,5,2008,2,67,31,59,113,72
226,lkinnerk69@home.pl,25,4,2005,2,81,27,54,107,71
227,vhathorn6a@usa.gov,28,4,2010,2,67,33,56,124,68
228,mmcnutt6b@weebly.com,29,5,2014,2,88,27,66,111,69
229,sbermingham6c@about.com,2,6,2018,2,75,27,65,102,71
230,dedrich6d@nps.gov,20,6,2008,2,90,28,54,92,70
231,ocastangia6e@newyorker.com,18,6,2015,2,80,35,60,97,72
232,abraisher6f@time.com,3,4,2014,2,88,31,57,86,69
233,ttennant6g@economist.com,18,5,2010,2,55,28,60,80,68
234,aalastair6h@google.nl,2,6,2003,2,62,35,66,79,68
235,jmacalester6i@hhs.gov,15,5,2007,2,79,26,63,96,71
236,lklewer6j@pen.io,2,4,2017,2,50,35,61,78,70
237,lcharlot6k@istockphoto.com,7,4,2013,2,50,31,57,76,71
238,ubiasioni6l@tripod.com,24,6,2003,2,73,28,64,116,72
239,mgoldthorpe6m@reverbnation.com,8,4,2014,2,50,26,54,92,72
240,pmulderrig6n@samsung.com,29,6,2019,2,53,28,67,113,70
241,adecruz6o@yandex.ru,20,4,2006,2,59,31,59,123,70
242,broyl6p@arizona.edu,12,6,2004,2,88,32,56,93,68
243,tchestnut6q@multiply.com,24,5,2009,2,74,28,64,119,69
244,tattkins6r@paginegialle.it,26,6,2016,2,90,26,53,99,72
245,gdefraine6s@ca.gov,10,6,2012,2,52,32,65,96,71
246,jstollman6t@geocities.com,14,5,2005,2,53,26,63,108,72
247,sdickenson6u@hubpages.com,21,4,2012,2,63,26,56,126,70
248,dcapineer6v@squidoo.com,9,4,2003,2,75,28,63,90,71
249,rgrigoli6w@multiply.com,1,4,2008,2,74,34,66,95,70
250,ncouchman6x@chron.com,10,5,2005,2,61,33,54,109,68
251,rbikker6y@msn.com,17,5,2011,2,61,27,53,91,70
252,cgravet6z@home.pl,8,5,2016,2,55,28,60,123,70
253,kdomleo70@whitehouse.gov,4,5,2012,2,66,29,54,111,69
254,lbranchet71@bigcartel.com,14,5,2000,2,86,26,64,78,72
255,mmaclaughlin72@sciencedirect.com,9,5,2003,2,66,28,62,95,71
256,jartin73@paypal.com,10,4,2009,2,63,25,67,82,72
257,fcescot74@miibeian.gov.cn,17,4,2020,2,88,31,64,86,70
258,bhargraves75@geocities.jp,19,5,2004,2,82,31,59,98,71
259,hkenworthy76@mit.edu,24,6,2002,2,82,33,58,104,70
260,gmcmickan77@scientificamerican.com,13,4,2018,2,61,29,55,119,72
261,anutbeam78@fotki.com,26,6,2011,2,50,32,53,126,70
262,mstode79@mapquest.com,23,4,2015,2,83,34,62,98,68
263,smepham7a@naver.com,11,4,2001,2,63,30,54,81,69
264,hfelten7b@jugem.jp,5,5,2006,2,80,35,65,99,70
265,krowden7c@theatlantic.com,25,5,2007,2,68,26,57,77,68
266,hmonelle7d@t-online.de,22,4,2013,2,52,34,54,90,68
267,jdenk7e@goo.ne.jp,23,5,2018,2,89,35,60,90,68
268,mheathcoat7f@shop-pro.jp,6,5,2000,2,58,32,67,119,70
269,sfinding7g@naver.com,20,5,2014,2,81,34,65,95,69
270,pculbert7h@desdev.cn,5,6,2003,2,56,34,62,76,70
271,bpakes7i@naver.com,9,6,2020,2,74,30,57,119,68
272,slonghi7j@va.gov,29,4,2007,2,78,31,67,97,71
273,bstennard7k@vk.com,3,5,2016,2,67,25,61,95,72
274,dscheu7l@fotki.com,14,6,2017,2,79,30,66,85,71
275,gnorridge7m@addtoany.com,5,6,2017,2,51,26,65,98,70
276,pcarrett7n@marriott.com,20,6,2008,2,77,32,64,117,70
277,bbeauman7o@state.tx.us,1,5,2019,2,90,25,60,117,71
278,jduer7p@exblog.jp,30,4,2006,2,63,30,56,106,70
279,glinsey7q@stanford.edu,20,6,2006,2,90,30,56,84,70
280,vperroni7r@joomla.org,9,4,2010,2,75,25,63,100,68
281,lboyford7s@360.cn,18,6,2005,2,67,25,59,95,72
282,mgravatt7t@free.fr,5,5,2016,2,71,26,54,103,70
283,mluckings7u@nydailynews.com,30,6,2000,2,88,35,65,123,69
284,aorviss7v@bravesites.com,12,4,2009,2,62,26,66,101,72
285,tcubbit7w@xrea.com,18,4,2007,2,52,29,54,122,70
286,srawlcliffe7x@t-online.de,16,6,2002,2,78,29,53,78,72
287,hphilipot7y@liveinternet.ru,24,5,2019,2,58,26,64,120,71
288,bkarlolczak7z@admin.ch,27,4,2008,2,90,32,53,123,72
289,nhedderly80@ucsd.edu,1,6,2008,2,76,25,62,86,68
290,tcalan81@army.mil,14,4,2010,2,67,35,60,96,70
291,mbaston82@state.gov,27,5,2011,2,69,28,56,111,70
292,ahaslum83@bing.com,11,4,2002,2,88,30,66,109,68
293,stidey84@reverbnation.com,12,4,2012,2,59,27,56,83,69
294,mgalletley85@auda.org.au,23,6,2020,2,55,33,57,121,70
295,amackellar86@omniture.com,18,4,2020,2,81,32,65,76,72
296,gebbutt87@usa.gov,23,6,2020,2,56,34,60,123,69
297,tspradbery88@auda.org.au,9,6,2001,2,54,33,64,114,72
298,eramsbottom89@ameblo.jp,25,5,2007,2,82,25,65,122,68
299,cstryde8a@deliciousdays.com,14,5,2020,2,77,26,61,90,72
300,ssherebrook8b@google.es,14,6,2006,2,72,29,55,89,71
301,garnett8c@gravatar.com,23,6,2011,2,77,32,57,112,72
302,jboundey8d@ning.com,17,4,2003,2,71,29,66,83,69
303,lbernardoux8e@webeden.co.uk,17,4,2003,2,85,28,60,97,70
304,ccafferty8f@rediff.com,28,4,2001,2,54,32,63,102,70
305,cbrabon8g@guardian.co.uk,24,6,2001,2,52,32,56,125,68
306,apickard8h@bizjournals.com,23,5,2012,2,51,33,53,117,72
307,pathowe8i@reuters.com,22,6,2011,2,72,30,54,82,71
308,tdmtrovic8j@people.com.cn,12,5,2019,2,80,33,62,109,70
309,gblythin8k@youtube.com,13,4,2002,2,84,26,56,82,72
310,lparsand8l@prnewswire.com,2,5,2001,2,64,26,56,87,70
311,atungate8m@tuttocitta.it,4,4,2011,2,53,32,66,89,70
312,wluciano8n@addtoany.com,9,6,2005,2,69,27,56,82,68
313,cgilsthorpe8o@cmu.edu,29,6,2009,2,71,26,59,119,72
314,swoodburne8p@mozilla.com,28,6,2016,2,62,26,56,123,70
315,aenderson8q@harvard.edu,7,4,2011,2,73,28,58,120,70
316,plandy8r@marketwatch.com,18,5,2015,2,90,31,57,124,72
317,rscibsey8s@aol.com,3,4,2018,2,63,35,61,102,69
318,vmassinger8t@jigsy.com,29,4,2013,2,63,29,61,122,72
319,tboskell8u@hugedomains.com,9,6,2016,2,64,27,55,77,72
320,phurworth8v@ehow.com,13,4,2020,2,84,30,64,93,69
321,mkestle8w@stanford.edu,19,6,2006,2,50,29,61,102,72
322,gmclennan8x@eventbrite.com,14,6,2000,2,60,26,55,120,72
323,stoffel8y@comsenz.com,1,6,2004,2,57,31,67,127,70
324,mleaning8z@state.tx.us,15,4,2000,2,76,26,62,117,72
325,tchatres90@huffingtonpost.com,17,6,2003,2,51,29,56,101,72
326,mnoore91@cmu.edu,24,5,2009,2,81,25,64,84,69
327,mchalker92@sogou.com,18,6,2019,2,52,28,63,110,71
328,rstuck93@state.tx.us,12,4,2015,2,87,26,67,97,68
329,dgreest94@reverbnation.com,20,6,2010,2,50,29,54,124,72
330,avanyarkin95@scientificamerican.com,11,6,2020,2,52,31,62,82,70
331,pfrow96@ibm.com,12,6,2002,2,71,30,66,93,69
332,gfarquharson97@earthlink.net,16,4,2007,2,54,25,54,107,72
333,ajanuary98@slideshare.net,25,5,2016,2,64,28,66,109,72
334,kdavidovits99@ebay.co.uk,21,5,2011,2,57,28,54,88,69
335,agrundey9a@census.gov,21,6,2019,2,64,26,63,76,69
336,zcrowe9b@weebly.com,27,4,2004,2,82,28,55,97,71
337,twoodland9c@godaddy.com,11,4,2012,2,51,30,62,92,72
338,cmote9d@163.com,13,4,2017,2,84,33,53,90,72
339,bebanks9e@spotify.com,18,4,2015,2,50,28,57,122,69
340,pkerford9f@ocn.ne.jp,27,4,2010,2,76,30,58,87,69
341,cguidera9g@forbes.com,28,6,2014,2,68,28,53,120,70
342,laugustus9h@youtu.be,28,4,2018,2,51,35,63,119,70
343,dmccorry9i@umich.edu,14,6,2017,2,85,35,63,105,69
344,kounsworth9j@tiny.cc,4,4,2004,2,77,30,56,96,70
345,avellacott9k@last.fm,23,5,2015,2,61,28,53,88,72
346,icremen9l@devhub.com,2,6,2014,2,66,28,57,126,72
347,rderechter9m@github.io,29,6,2014,2,56,35,54,77,69
348,cmithan9n@sphinn.com,9,5,2007,2,75,27,67,113,71
349,mkirkness9o@drupal.org,2,4,2018,2,57,35,65,119,72
350,dduffet9p@google.com.hk,24,5,2001,2,55,35,63,113,71
351,reveling9q@shop-pro.jp,12,5,2013,2,62,27,53,117,70
352,ystainson9r@webmd.com,12,6,2011,2,66,29,58,119,72
353,slosano9s@forbes.com,27,5,2010,2,66,27,54,113,72
354,doldknowe9t@de.vu,12,6,2000,2,58,33,53,91,72
355,bricarde9u@businesswire.com,6,4,2002,2,82,27,67,88,70
356,jroskam9v@posterous.com,20,4,2012,2,50,25,58,127,71
357,lnisbith9w@wsj.com,23,5,2005,2,71,26,65,103,70
358,bashpital9x@vinaora.com,26,4,2011,2,61,32,59,127,70
359,hsolan9y@ycombinator.com,17,6,2019,2,85,33,58,97,68
360,mdraycott9z@dailymail.co.uk,27,6,2017,2,59,31,61,108,71
361,dbetchleya0@europa.eu,2,4,2009,2,90,25,58,93,70
362,lmonerya1@zdnet.com,29,5,2018,2,57,35,65,107,69
363,mjosuweita2@vk.com,16,4,2015,2,65,25,54,80,70
364,mpearsea3@cbslocal.com,22,6,2004,2,76,29,62,93,70
365,mgoriolia4@ask.com,13,6,2014,2,53,28,61,97,68
366,ihallada5@com.com,8,5,2011,2,62,35,57,99,69
367,bvallerya6@bing.com,4,4,2004,2,53,28,62,79,72
368,hbidwella7@ezinearticles.com,9,5,2001,2,66,27,55,102,71
369,gneesama8@huffingtonpost.com,12,5,2018,2,53,28,60,105,71
370,ggozneya9@nasa.gov,30,5,2002,2,75,25,65,114,72
371,croomeaa@google.ca,5,4,2000,2,59,35,63,86,69
372,aswatlandab@acquirethisname.com,15,6,2015,2,61,32,55,123,70
373,cvandervliesac@nyu.edu,8,4,2015,2,62,25,59,119,69
374,jmordiead@ox.ac.uk,13,4,2018,2,78,29,66,127,70
375,lbrissetae@nytimes.com,3,6,2008,2,57,26,61,82,71
376,palcidoaf@infoseek.co.jp,27,4,2004,2,67,28,61,124,70
377,glindholmag@privacy.gov.au,17,5,2002,2,59,32,54,101,72
378,esomervilleah@photobucket.com,29,6,2001,2,66,30,64,123,72
379,cwarkeai@weibo.com,28,5,2004,2,80,28,54,81,69
380,ecaineyaj@un.org,20,5,2017,2,89,27,62,98,71
381,lacomeak@princeton.edu,4,6,2001,2,66,32,56,78,70
382,sbentickal@elegantthemes.com,15,6,2016,2,58,28,64,104,71
383,kbertrandam@time.com,7,5,2010,2,89,30,53,90,68
384,eabelsan@bizjournals.com,8,6,2015,2,82,28,58,119,71
385,pborgneao@google.de,5,5,2006,2,69,27,58,97,70
386,jhodginsap@yellowpages.com,6,4,2002,2,89,29,61,79,69
387,cwordsworthaq@imageshack.us,11,6,2008,2,60,34,65,114,69
388,mdeblear@woothemes.com,25,5,2014,2,85,28,58,108,72
389,icovendonas@freewebs.com,30,5,2019,2,70,27,65,86,71
390,ostaubynat@tmall.com,16,6,2006,2,69,26,53,114,70
391,friemeau@nifty.com,16,6,2014,2,70,33,64,116,71
392,dkurtav@homestead.com,4,6,2009,2,78,27,61,108,72
393,crenolaw@google.nl,28,6,2010,2,60,31,59,123,70
394,pchellenhamax@privacy.gov.au,28,4,2005,2,84,32,59,122,69
395,ewalklingay@flavors.me,9,6,2009,2,52,25,64,77,68
396,dbutchardaz@sohu.com,23,4,2012,2,57,32,53,126,72
397,aspearb0@myspace.com,12,5,2004,2,72,32,63,92,72
398,mgarriochb1@intel.com,21,6,2018,2,67,31,55,80,71
399,obarklyb2@abc.net.au,20,4,2018,2,51,27,54,98,68
400,kciubutarob3@trellian.com,8,4,2010,2,60,32,55,76,72
401,vtallquistb4@statcounter.com,21,6,2005,2,67,26,54,126,69
402,cglideb5@aol.com,8,4,2006,2,58,28,65,79,71
403,kwegenenb6@comsenz.com,1,6,2008,2,50,27,60,122,70
404,ahannondb7@mlb.com,22,5,2019,2,68,25,60,115,72
405,ccalltoneb8@1und1.de,3,5,2010,2,52,28,64,126,72
406,sboltonb9@usnews.com,12,5,2004,2,81,28,60,82,70
407,jkeeganba@list-manage.com,22,5,2018,2,62,35,57,97,71
408,pmacilraithbb@unblog.fr,5,4,2015,2,53,25,67,81,69
409,mclementsonbc@bloglines.com,27,4,2000,2,79,33,59,99,70
410,fbulbrookbd@ovh.net,23,5,2000,2,57,31,56,98,68
411,bpennellsbe@bing.com,21,4,2004,2,60,28,54,98,69
412,vcoringtonbf@networkadvertising.org,6,5,2010,2,53,35,53,121,70
413,abeevorbg@europa.eu,27,6,2001,2,75,31,62,118,69
414,wallnerbh@ifeng.com,3,4,2016,2,63,35,60,106,68
415,pcinobi@harvard.edu,3,6,2020,2,82,33,64,116,71
416,mhartiganbj@cbsnews.com,24,4,2016,2,60,32,53,77,72
417,smaureenbk@php.net,5,5,2010,2,84,26,58,95,68
418,dbilbreybl@behance.net,25,6,2012,2,84,30,67,89,69
419,slonghurstbm@buzzfeed.com,24,6,2004,2,56,35,60,82,70
420,icribbinsbn@europa.eu,4,4,2017,2,83,35,64,99,69
421,galsobrookbo@oaic.gov.au,3,4,2010,2,68,34,65,111,68
422,bolletbp@seattletimes.com,7,6,2007,2,78,25,59,108,72
423,etatlowbq@xrea.com,26,4,2015,2,51,25,54,121,70
424,dlambertobr@t-online.de,9,6,2019,2,57,35,67,127,68
425,bhallsworthbs@pen.io,17,5,2001,2,54,27,54,104,72
426,swillersonbt@friendfeed.com,17,6,2013,2,56,29,62,78,71
427,dplettsbu@behance.net,17,5,2003,2,90,35,66,109,69
428,ggettinsbv@diigo.com,16,6,2007,2,82,25,57,99,72
429,lspeirbw@wp.com,7,4,2016,2,72,28,66,98,70
430,dmcdiarmidbx@blogtalkradio.com,9,4,2018,2,79,29,55,93,68
431,walldreby@bloglines.com,24,5,2012,2,60,31,55,106,72
432,mcurpheybz@cdc.gov,14,4,2004,2,85,26,63,116,72
433,mboudc0@dedecms.com,8,4,2015,2,50,27,65,111,71
434,plackeyc1@cbsnews.com,8,5,2015,2,77,26,54,85,68
435,tportrissc2@loc.gov,2,5,2013,2,56,27,59,78,71
436,wrowthornc3@imageshack.us,22,5,2016,2,82,27,55,79,69
437,eadolthinec4@ft.com,3,6,2002,2,70,27,56,90,71
438,mdemangeotc5@facebook.com,30,6,2012,2,58,28,53,88,69
439,eyirrellc6@weebly.com,2,6,2018,2,62,32,61,88,71
440,nbillingec7@businessinsider.com,30,4,2001,2,59,31,58,85,72
441,edonawayc8@hhs.gov,7,6,2008,2,50,26,58,125,70
442,dmacredmondc9@fastcompany.com,6,5,2013,2,63,30,55,117,72
443,frothermelca@youtu.be,21,4,2017,2,51,30,66,91,70
444,etonkscb@kickstarter.com,28,6,2012,2,89,30,63,83,72
445,rskeggscc@imageshack.us,2,5,2003,2,78,26,61,93,69
446,oshamacd@vimeo.com,28,5,2000,2,88,25,63,94,71
447,vmanklowce@youtu.be,26,6,2020,2,88,31,59,118,71
448,gleadbettercf@reuters.com,5,4,2002,2,50,34,65,117,68
449,bkernarcg@wordpress.com,7,4,2010,2,69,25,65,115,71
450,jbarstockch@lulu.com,21,4,2019,2,80,33,65,107,72
451,tmcquieci@cloudflare.com,6,4,2005,2,78,33,62,124,71
452,dstevenscj@forbes.com,16,5,2000,2,82,33,58,83,68
453,lflanneck@si.edu,7,4,2015,2,90,25,64,82,72
454,ebroekcl@unc.edu,18,5,2018,2,60,29,65,78,72
455,dmccoskercm@wunderground.com,10,6,2003,2,52,34,56,77,70
456,pburgwyncn@netvibes.com,9,5,2020,2,65,32,62,97,70
457,aamissco@examiner.com,16,6,2005,2,63,28,57,84,69
458,dtreharnecp@nba.com,12,4,2003,2,85,26,63,82,68
459,ahenzercq@ocn.ne.jp,26,4,2005,2,76,28,66,123,72
460,afourmycr@delicious.com,15,4,2020,2,68,28,58,122,71
461,miblecs@ca.gov,14,5,2003,2,67,25,59,112,71
462,fbrucksteinct@army.mil,9,4,2001,2,81,30,59,86,69
463,hlafuentecu@eventbrite.com,30,5,2008,2,75,27,66,121,69
464,gprewercv@disqus.com,18,4,2011,2,72,34,66,102,72
465,fmacallamcw@symantec.com,12,5,2006,2,90,34,63,122,69
466,omalkiecx@marketwatch.com,19,4,2013,2,60,31,54,126,69
467,nfranssency@webmd.com,3,4,2009,2,83,27,60,93,71
468,cbeedoncz@redcross.org,8,4,2007,2,65,34,58,127,72
469,sledgardd0@sakura.ne.jp,15,6,2011,2,54,33,55,101,69
470,hnaccid1@sakura.ne.jp,12,5,2003,2,71,31,64,118,70
471,mvashchenkod2@engadget.com,22,5,2007,2,78,27,62,127,68
472,wgierthd3@naver.com,17,6,2009,2,52,28,65,117,71
473,gbreedsd4@miitbeian.gov.cn,16,6,2008,2,60,27,58,96,69
474,mmathelyd5@jiathis.com,14,5,2019,2,71,25,66,122,69
475,jnerneyd6@ameblo.jp,10,6,2005,2,71,32,54,106,70
476,candriveauxd7@accuweather.com,18,5,2013,2,90,33,56,82,68
477,mpressd8@ameblo.jp,3,6,2017,2,88,33,64,99,71
478,adenidged9@mozilla.org,17,5,2013,2,81,32,56,103,71
479,spinsonda@phoca.cz,9,5,2013,2,52,25,66,80,70
480,cverdundb@hatena.ne.jp,18,6,2013,2,64,28,59,82,71
481,tedisdc@arizona.edu,30,4,2017,2,52,31,66,96,71
482,idowsedd@meetup.com,1,6,2013,2,52,26,55,98,72
483,emcgennde@ebay.com,25,4,2014,2,86,34,62,105,68
484,cmatthaidf@tiny.cc,23,4,2000,2,63,28,65,98,70
485,rcurringtondg@smugmug.com,5,4,2016,2,87,27,66,125,71
486,gbennettsdh@ovh.net,23,6,2017,2,57,33,64,86,70
487,ftomaladi@jimdo.com,19,4,2002,2,60,29,61,118,71
488,hleederdj@unesco.org,4,5,2001,2,85,33,55,121,71
489,ofilipputtidk@latimes.com,8,6,2015,2,53,33,62,124,68
490,ajelksdl@gravatar.com,6,5,2002,2,81,33,58,106,72
491,cbraidmandm@bizjournals.com,3,4,2010,2,81,30,61,92,72
492,bmarieldn@army.mil,5,6,2005,2,71,25,60,88,69
493,wbillsberrydo@adobe.com,23,5,2017,2,70,28,67,126,72
494,mkilbournedp@nifty.com,18,4,2009,2,58,33,66,88,71
495,btottmandq@eepurl.com,24,5,2015,2,85,30,67,89,69
496,adythamdr@topsy.com,22,6,2002,2,75,34,61,115,72
497,emacdermidds@nhs.uk,24,6,2017,2,78,31,58,106,71
498,tlyosikdt@narod.ru,18,5,2009,2,50,29,53,82,72
499,amctrustriedu@php.net,27,4,2011,2,74,27,58,84,69
500,pbohlindv@123-reg.co.uk,11,5,2010,2,89,26,67,123,72
501,chaversumdw@google.com.hk,21,4,2006,2,72,29,61,94,71
502,dlammingdx@senate.gov,26,5,2000,2,53,32,63,93,70
503,wmcguinnessdy@twitpic.com,21,5,2017,2,88,32,66,123,72
504,braritydz@hc360.com,23,5,2016,2,50,30,63,96,71
505,hhaxleye0@berkeley.edu,4,5,2017,2,58,34,62,96,70
506,dabatee1@ning.com,29,4,2017,2,52,33,67,82,69
507,aprivoste2@theguardian.com,17,6,2008,2,76,27,63,120,68
508,cpeasemane3@cbslocal.com,27,6,2002,2,76,28,58,105,68
509,wextille4@addthis.com,30,4,2006,2,53,33,56,112,69
510,jmanicombe5@i2i.jp,29,6,2019,2,60,30,53,99,69
511,nkliemanne6@ow.ly,1,4,2005,2,62,26,66,112,70
512,dferschkee7@dion.ne.jp,28,4,2001,2,74,27,61,103,68
513,hpleasantse8@w3.org,10,5,2013,2,76,32,66,113,69
514,tdroogane9@pinterest.com,18,6,2002,2,53,28,56,109,70
515,slamballea@wordpress.com,21,6,2012,2,67,34,63,100,72
516,brennixeb@topsy.com,25,6,2019,2,74,29,57,105,71
517,lmistryec@mapquest.com,13,6,2016,2,59,33,56,89,71
518,myapped@webs.com,12,5,2012,2,56,30,60,112,69
519,bsissonsee@nih.gov,5,6,2004,2,73,35,67,83,69
520,kchittendenef@last.fm,18,4,2004,2,54,35,66,106,71
521,rknivetoneg@t.co,14,4,2002,2,90,27,63,111,70
522,msacazeeh@spiegel.de,10,4,2012,2,74,28,67,83,72
523,friddochei@macromedia.com,21,5,2017,2,51,33,57,109,71
524,tanfossiej@discovery.com,1,4,2002,2,83,28,57,81,72
525,imadgeek@sbwire.com,8,4,2020,2,83,33,64,93,68
526,lcreaseel@europa.eu,9,4,2003,2,87,28,60,121,69
527,cfernandesem@jugem.jp,18,4,2015,2,87,26,67,80,68
528,tgherardien@twitpic.com,26,5,2002,2,50,29,61,119,68
529,linsalleo@paginegialle.it,14,5,2000,2,79,25,57,119,71
530,dgoodredep@timesonline.co.uk,12,5,2009,2,80,35,58,94,71
531,dgibletteq@seesaa.net,10,5,2010,2,88,31,62,106,71
532,mlarosaer@typepad.com,19,4,2019,2,81,26,58,78,72
533,smaynees@alibaba.com,24,6,2012,2,57,32,58,96,70
534,ablenkhornet@ucoz.ru,3,6,2013,2,80,33,65,109,72
535,eohoeyeu@ehow.com,21,4,2010,2,86,35,55,123,68
536,lduferev@pagesperso-orange.fr,11,5,2000,2,74,27,60,122,71
537,rsackerew@blogs.com,24,5,2007,2,58,31,62,124,72
538,bgraystonex@ask.com,26,4,2020,2,68,33,62,107,71
539,chavocey@biblegateway.com,26,6,2018,2,81,26,63,114,70
540,ewydez@statcounter.com,20,5,2019,2,63,27,53,127,72
541,jshipmanf0@nhs.uk,20,5,2003,2,59,26,62,83,72
542,mbentjef1@apache.org,5,5,2002,2,63,34,63,86,72
543,rbowskillf2@xinhuanet.com,7,4,2000,2,72,33,60,98,69
544,clubertof3@chronoengine.com,29,5,2019,2,51,33,61,106,68
545,ntrumpeterf4@wp.com,23,6,2005,2,69,25,60,81,70
546,ohagardf5@miitbeian.gov.cn,4,5,2008,2,75,26,63,122,70
547,cgreenanf6@columbia.edu,13,5,2015,2,63,26,66,105,70
548,kgemlbettf7@biblegateway.com,29,5,2014,2,52,31,62,101,70
549,ywoodhallf8@trellian.com,8,4,2001,2,86,30,54,83,69
550,dkenewelf9@tmall.com,11,5,2017,2,55,27,67,86,70
551,jbonnellfa@time.com,2,4,2015,2,72,27,64,125,70
552,evickarsfb@vkontakte.ru,14,5,2000,2,82,31,61,78,70
553,srizzofc@cloudflare.com,1,5,2001,2,72,30,61,103,69
554,flameyfd@washingtonpost.com,9,4,2014,2,69,28,59,76,71
555,mvittlefe@baidu.com,18,6,2017,2,67,25,59,101,72
556,lstennersff@blinklist.com,7,4,2002,2,88,35,58,102,71
557,csivewrightfg@goo.gl,2,4,2017,2,58,28,62,109,69
558,oohogertiefh@opera.com,14,4,2018,2,59,29,66,87,68
559,sbreakeyfi@cpanel.net,15,5,2019,2,68,32,56,101,71
560,vphippsfj@acquirethisname.com,18,5,2011,2,64,29,65,104,68
561,tdalzielfk@go.com,21,5,2008,2,61,34,54,111,72
562,lgrigoliisfl@umich.edu,16,5,2015,2,75,28,66,100,70
563,sedwardsonfm@senate.gov,25,4,2017,2,71,28,58,93,72
564,vjulefffn@java.com,14,6,2004,2,59,35,59,113,71
565,psambidgefo@homestead.com,29,6,2010,2,77,33,58,95,68
566,wsigartfp@amazonaws.com,12,5,2016,2,68,25,56,90,69
567,rtrenchfq@vinaora.com,24,6,2010,2,82,34,64,99,72
568,nmacguffogfr@naver.com,6,6,2006,2,78,32,61,125,71
569,hlemerlefs@wix.com,21,5,2015,2,71,30,67,94,69
570,rlawransonft@ow.ly,13,6,2003,2,73,27,54,97,70
571,askitteralfu@so-net.ne.jp,27,6,2003,2,70,35,54,102,70
572,clandsbergfv@shareasale.com,17,6,2017,2,59,31,63,108,72
573,mfarnhillfw@globo.com,14,5,2020,2,78,31,53,117,71
574,foldershawfx@columbia.edu,14,5,2015,2,69,26,63,88,69
575,lmandryfy@ted.com,14,5,2012,2,87,35,55,78,72
576,zplottfz@craigslist.org,16,4,2002,2,62,31,60,92,72
577,msquirrelg0@youtu.be,27,4,2019,2,83,27,60,79,68
578,elaydong1@tripod.com,27,4,2000,2,78,27,56,83,71
579,akilfordg2@google.fr,24,4,2004,2,54,27,53,95,69
580,rbeccerog3@seattletimes.com,13,6,2003,2,87,31,59,99,72
581,epaulag4@meetup.com,1,4,2011,2,56,29,66,98,68
582,dlowreyg5@issuu.com,2,4,2019,2,51,26,65,82,69
583,aroydeng6@csmonitor.com,14,5,2008,2,85,28,55,111,70
584,tosullivang7@gmpg.org,26,5,2012,2,70,32,56,123,68
585,hipsleyg8@studiopress.com,4,4,2013,2,64,35,63,126,71
586,cbilyardg9@home.pl,5,6,2013,2,65,35,66,89,71
587,hduredenga@yahoo.co.jp,14,4,2002,2,81,26,64,111,72
588,khiggengb@army.mil,22,5,2018,2,90,29,54,126,69
589,mansteegc@macromedia.com,13,6,2019,2,75,26,57,88,71
590,rriglargd@clickbank.net,20,4,2017,2,74,25,62,79,69
591,acunahge@networksolutions.com,14,5,2007,2,57,27,61,105,68
592,dmaffeygf@amazon.co.uk,2,5,2003,2,89,25,56,99,69
593,rwebermanngg@seesaa.net,16,6,2009,2,78,26,53,101,69
594,jmattessengh@technorati.com,18,5,2007,2,81,34,53,122,68
595,lhellingsgi@discuz.net,19,4,2009,2,61,30,53,113,71
596,dbreitlergj@123-reg.co.uk,12,6,2015,2,68,34,61,100,69
597,jkaysergk@macromedia.com,24,5,2017,2,84,31,61,121,70
598,ocranchgl@mtv.com,20,5,2009,2,90,34,59,116,70
599,marensgm@mac.com,26,4,2003,2,85,34,53,93,72
600,hsparshattgn@webnode.com,14,6,2006,2,84,26,63,95,72
601,rpfiffergo@icq.com,29,4,2000,2,79,30,65,124,68
602,tburnellgp@intel.com,19,4,2012,2,75,34,60,123,68
603,dclemmettgq@sfgate.com,20,6,2004,2,74,35,64,106,69
604,ahinnersgr@gravatar.com,26,5,2004,2,57,33,65,127,70
605,tpetrugs@booking.com,16,6,2003,2,71,30,56,82,69
606,cmuddimergt@discovery.com,21,6,2007,2,77,29,66,122,72
607,wforsaithgu@youtube.com,20,6,2007,2,78,34,53,120,68
608,sgalegogv@hud.gov,10,6,2000,2,66,30,63,91,71
609,gprielgw@4shared.com,4,6,2019,2,78,29,53,90,69
610,dcatterollgx@craigslist.org,29,6,2020,2,83,29,63,105,68
611,elawsgy@ucsd.edu,27,4,2008,2,66,25,55,86,68
612,egaskgz@arizona.edu,28,5,2007,2,72,25,67,113,68
613,mterzoh0@google.ca,5,4,2019,2,87,31,64,115,69
614,brobersonh1@mashable.com,11,4,2007,2,62,27,53,95,71
615,mtorregianih2@abc.net.au,27,4,2000,2,58,34,56,121,72
616,mderoberth3@washington.edu,22,4,2012,2,76,32,55,82,70
617,cbanbridgeh4@tuttocitta.it,5,5,2019,2,51,27,54,119,69
618,afernandesh5@intel.com,10,6,2002,2,54,34,64,110,70
619,tjuetth6@4shared.com,10,5,2016,2,50,33,56,110,70
620,akinnerh7@mozilla.com,12,4,2005,2,53,27,66,98,68
621,itutsellh8@npr.org,3,5,2004,2,52,33,59,127,71
622,awallworkh9@tmall.com,6,6,2017,2,84,26,54,100,69
623,blangmeadha@webeden.co.uk,20,5,2010,2,84,30,53,96,71
624,gkiffehb@macromedia.com,15,5,2017,2,73,33,55,101,69
625,tlawteyhc@usa.gov,19,5,2018,2,67,31,56,122,68
626,cworsellhd@webs.com,18,4,2015,2,67,30,53,119,68
627,ichaytorhe@paypal.com,19,6,2015,2,74,26,66,127,70
628,rrodderhf@geocities.jp,3,5,2018,2,89,28,65,102,70
629,crowcastlehg@blinklist.com,7,6,2001,2,75,26,53,118,69
630,menburyhh@ucoz.com,1,6,2002,2,82,34,55,102,72
631,gclokehi@delicious.com,30,5,2008,2,76,32,65,118,69
632,wscragghj@cyberchimps.com,14,4,2006,2,54,25,62,126,69
633,xlomasnahk@is.gd,3,5,2009,2,82,29,60,108,72
634,drickfordhl@typepad.com,17,4,2005,2,61,25,66,86,68
635,cfrowinghm@npr.org,15,6,2019,2,68,30,65,97,72
636,kesslemonthn@patch.com,10,4,2019,2,56,27,62,125,69
637,kplascottho@wp.com,5,5,2020,2,71,27,67,76,68
638,jswyersexeyhp@paypal.com,16,4,2002,2,63,31,55,79,71
639,waitkenhq@domainmarket.com,14,4,2010,2,85,33,55,85,72
640,ladamsenhr@php.net,29,4,2010,2,89,27,66,115,70
641,lkillehs@geocities.com,16,4,2008,2,84,32,66,86,69
642,bgrzegorzewskiht@state.tx.us,16,6,2012,2,82,33,59,106,70
643,eickovhu@cbslocal.com,10,4,2007,2,69,32,64,97,71
644,bbraithwaithv@opera.com,11,4,2001,2,59,32,56,97,72
645,bwarrackhw@topsy.com,11,4,2018,2,66,29,53,80,72
646,mhultberghx@wp.com,20,5,2015,2,88,29,67,87,72
647,clockierhy@feedburner.com,17,4,2004,2,72,35,55,113,68
648,sitshakhz@slideshare.net,9,4,2004,2,62,26,58,123,72
649,tsymonsi0@tinyurl.com,10,4,2000,2,57,35,58,109,70
650,gdillistonei1@narod.ru,19,6,2013,2,71,28,56,105,71
651,ltonni2@diigo.com,13,5,2001,2,54,31,57,108,71
652,jgummiei3@google.cn,26,4,2001,2,75,26,56,92,71
653,jstoreyi4@amazon.co.jp,30,6,2002,2,62,35,63,97,70
654,mgaukrodgei5@cdc.gov,3,5,2014,2,90,30,60,109,70
655,pantonazzii6@toplist.cz,19,5,2010,2,69,30,54,83,72
656,galami7@latimes.com,16,6,2015,2,71,30,61,92,70
657,ebaglini8@shareasale.com,5,4,2004,2,57,26,57,87,69
658,adaini9@china.com.cn,22,6,2015,2,71,34,59,91,71
659,lplainia@psu.edu,13,5,2015,2,67,30,61,79,69
660,spopplewellib@netlog.com,12,4,2013,2,73,32,61,119,72
661,dkeevesic@economist.com,17,6,2015,2,67,29,60,89,71
662,swernhamid@ox.ac.uk,15,6,2003,2,69,34,56,115,71
663,stolossiie@amazon.co.jp,16,6,2012,2,90,35,61,100,72
664,ecrockettif@theglobeandmail.com,13,6,2006,2,83,35,56,94,71
665,nbardig@theatlantic.com,29,5,2002,2,82,29,59,79,68
666,hnasebyih@netscape.com,13,4,2014,2,83,32,61,117,69
667,emacnaughtonii@wikimedia.org,10,6,2006,2,78,31,65,99,68
668,codbyij@si.edu,26,6,2003,2,50,33,60,88,71
669,bdaughtryik@google.com.br,30,4,2013,2,78,35,60,88,68
670,adrydenil@histats.com,20,6,2006,2,85,33,53,122,70
671,lcammim@japanpost.jp,5,6,2013,2,89,30,62,97,69
672,kabrahamin@ovh.net,15,4,2015,2,59,25,63,118,70
673,rperringtonio@hibu.com,10,4,2003,2,55,34,65,90,68
674,bstandiship@mtv.com,27,4,2008,2,77,27,57,93,69
675,mbelchamiq@bloglines.com,26,4,2012,2,60,29,53,88,70
676,fkahaneir@photobucket.com,5,5,2015,2,86,26,58,105,72
677,phartmanis@multiply.com,18,5,2001,2,85,33,59,85,68
678,adodit@comcast.net,30,5,2003,2,67,30,58,90,71
679,tfaunchiu@cnet.com,1,6,2007,2,58,34,66,104,72
680,rbanasikiv@flavors.me,24,6,2005,2,86,33,57,110,70
681,rraistrickiw@furl.net,11,5,2003,2,85,28,64,119,71
682,fmullenix@si.edu,14,5,2009,2,67,31,67,118,69
683,kburhilliy@wiley.com,17,5,2013,2,50,31,64,125,72
684,cveldensiz@cdbaby.com,30,4,2003,2,81,35,64,111,69
685,lelsonj0@cocolog-nifty.com,30,6,2008,2,80,30,55,92,70
686,cdjakovicj1@ebay.co.uk,4,6,2002,2,59,26,58,100,72
687,mkrishtopaittisj2@instagram.com,29,6,2013,2,82,31,66,80,71
688,bkleingrubj3@huffingtonpost.com,1,5,2005,2,81,28,53,119,69
689,aorsij4@ameblo.jp,25,5,2006,2,61,35,66,116,69
690,kscottrellj5@mozilla.org,10,6,2002,2,55,35,66,92,72
691,ijayumej6@trellian.com,10,6,2002,2,55,27,59,84,69
692,dgodwynj7@reference.com,22,5,2004,2,54,25,58,83,68
693,hlingleyj8@census.gov,24,6,2007,2,50,30,65,112,70
694,jburstowj9@instagram.com,17,5,2000,2,67,29,62,100,68
695,ebaldonija@ask.com,26,6,2003,2,70,33,64,111,69
696,bculmerjb@seesaa.net,1,4,2000,2,54,26,64,97,72
697,lkezourecjc@disqus.com,21,5,2001,2,51,31,67,97,71
698,pfauningjd@paypal.com,19,5,2010,2,82,28,59,94,69
699,kclipshamje@bbc.co.uk,3,6,2011,2,81,26,58,85,71
700,slevingsjf@google.de,26,4,2006,2,67,28,58,123,71
701,jaultjg@google.pl,10,5,2010,2,80,25,58,99,68
702,cfitzgilbertjh@cyberchimps.com,2,6,2004,2,56,33,62,126,72
703,mwalcotji@prweb.com,20,6,2014,2,82,31,66,86,71
704,hgrottyjj@slashdot.org,30,6,2015,2,67,35,55,97,72
705,alytlejk@hatena.ne.jp,13,5,2004,2,67,29,63,126,68
706,ccrockerjl@reference.com,20,5,2009,2,64,30,54,89,70
707,dledamunjm@sciencedirect.com,27,6,2017,2,50,32,63,104,71
708,cwatkissjn@walmart.com,2,6,2009,2,53,32,54,125,70
709,ksimunekjo@phoca.cz,7,4,2017,2,82,27,53,123,70
710,astruttmanjp@wisc.edu,6,4,2014,2,81,26,59,101,71
711,mfranschinijq@linkedin.com,9,4,2018,2,56,33,65,80,70
712,mdominellijr@moonfruit.com,21,4,2018,2,66,28,62,106,69
713,dtybaltjs@discovery.com,7,4,2001,2,66,29,54,85,72
714,aschwiesojt@networkadvertising.org,10,4,2004,2,56,30,53,100,72
715,wmerkleju@mozilla.org,21,6,2014,2,64,35,56,80,69
716,cdenneyjv@twitter.com,28,5,2015,2,58,29,57,83,70
717,nblinckojw@phpbb.com,18,5,2012,2,79,31,57,113,70
718,fbeangejx@wikia.com,26,4,2010,2,85,28,59,82,72
719,bfrankesjy@cdc.gov,25,4,2000,2,85,28,60,123,72
720,vmelmethjz@vkontakte.ru,2,4,2018,2,52,26,56,119,71
721,amcgradyk0@pcworld.com,17,6,2009,2,71,35,65,101,69
722,fpurselowk1@oakley.com,15,5,2013,2,67,26,55,107,71
723,edavidsenk2@myspace.com,13,4,2000,2,56,26,53,110,72
724,bbecclesk3@amazon.co.uk,20,6,2007,2,59,33,55,93,68
725,mloniek4@marriott.com,16,5,2013,2,83,25,54,104,70
726,jnorthamk5@upenn.edu,21,4,2014,2,56,26,53,122,71
727,lhayballk6@twitter.com,9,5,2015,2,80,34,54,116,71
728,descotk7@bbb.org,9,6,2017,2,84,30,57,109,69
729,eausiellok8@canalblog.com,21,5,2009,2,78,32,63,114,68
730,jespk9@exblog.jp,10,5,2020,2,79,34,54,124,69
731,ngidleyka@craigslist.org,7,6,2015,2,68,35,54,99,71
732,phizirkb@arizona.edu,24,4,2018,2,73,35,55,106,69
733,ghabbijamkc@1und1.de,30,6,2012,2,69,35,62,82,69
734,falenichicovkd@cafepress.com,20,4,2018,2,85,32,64,112,71
735,jnewcomenke@globo.com,9,6,2005,2,77,35,64,90,68
736,ecavekf@nifty.com,19,6,2007,2,85,25,63,91,70
737,hharpurkg@bigcartel.com,11,6,2008,2,86,32,59,105,69
738,hsitlintonkh@shareasale.com,22,5,2002,2,81,31,56,113,72
739,gpratiki@weebly.com,12,4,2012,2,65,33,59,108,72
740,ccourvertkj@dailymail.co.uk,8,4,2009,2,66,33,56,102,70
741,iheggiekk@posterous.com,25,6,2020,2,57,35,53,80,69
742,vduttkl@twitter.com,19,6,2002,2,83,27,54,97,72
743,bwallikerkm@stanford.edu,23,6,2000,2,71,25,64,115,69
744,geffemykn@yelp.com,5,6,2006,2,58,34,58,127,70
745,nlorinczko@bbb.org,21,5,2013,2,70,30,63,85,72
746,ijowlekp@prlog.org,21,6,2013,2,75,32,53,120,72
747,acrabbekq@dailymotion.com,8,6,2003,2,58,32,59,115,71
748,kbrolechankr@shareasale.com,20,4,2007,2,61,27,65,118,72
749,mlarventks@cdbaby.com,13,5,2009,2,53,26,62,76,69
750,staddkt@wiley.com,10,5,2016,2,86,25,55,111,69
751,ccarpmileku@wordpress.com,24,6,2007,2,66,32,59,114,69
752,lbaccaskv@cisco.com,5,5,2006,2,69,35,54,103,72
753,mcucinottakw@java.com,25,6,2004,2,58,29,62,95,70
754,vsarjantkx@cdbaby.com,30,4,2010,2,61,29,60,102,68
755,mcottuky@timesonline.co.uk,26,4,2012,2,85,35,53,111,69
756,mwraykz@engadget.com,26,6,2016,2,57,27,63,79,70
757,ccattonl0@latimes.com,16,4,2005,2,65,29,63,76,72
758,gwharfl1@topsy.com,18,5,2000,2,54,29,62,112,68
759,sfarriesl2@multiply.com,13,5,2007,2,58,35,59,77,71
760,jhindrickl3@auda.org.au,12,4,2004,2,90,26,57,126,71
761,bkippinl4@umich.edu,5,5,2016,2,76,27,55,126,70
762,bbeverstockl5@wikimedia.org,2,5,2006,2,57,33,63,82,70
763,kjurschl6@bbb.org,14,6,2015,2,55,26,67,80,72
764,fsewterl7@ning.com,3,5,2011,2,57,29,54,125,68
765,dweissl8@house.gov,4,5,2010,2,74,26,58,112,68
766,tlilywhitel9@nps.gov,20,6,2020,2,86,35,65,117,68
767,chainningla@amazon.co.uk,6,6,2017,2,78,31,59,78,69
768,gjaraylb@adobe.com,25,5,2012,2,51,30,65,115,70
769,esilverlc@army.mil,28,6,2014,2,69,26,63,97,72
770,dmabeeld@foxnews.com,1,5,2016,2,86,28,54,107,70
771,yberrygunle@scientificamerican.com,8,5,2004,2,87,31,59,116,72
772,tstovelllf@sakura.ne.jp,30,5,2006,2,63,25,66,106,72
773,lmatejlg@shareasale.com,2,4,2019,2,83,28,57,110,72
774,cciannilh@exblog.jp,8,4,2010,2,88,34,66,87,71
775,cmchirrieli@imgur.com,30,4,2020,2,64,31,58,88,72
776,vmacadielj@fda.gov,30,6,2009,2,84,25,67,97,70
777,gcarnewlk@domainmarket.com,25,5,2020,2,65,35,58,93,72
778,rbordonell@alexa.com,1,4,2012,2,80,25,64,96,68
779,irohlofflm@myspace.com,28,5,2013,2,81,28,61,101,71
780,bloddyln@hp.com,3,5,2017,2,88,30,60,102,70
781,cmordenlo@behance.net,4,4,2001,2,70,29,65,110,69
782,danthonsenlp@live.com,12,4,2015,2,60,25,60,120,71
783,tmegsonlq@homestead.com,16,4,2019,2,81,27,63,87,71
784,nburehilllr@imdb.com,6,4,2001,2,63,27,64,88,71
785,itozerls@sbwire.com,25,5,2020,2,70,31,55,101,69
786,cbalsdonelt@yandex.ru,21,6,2005,2,73,26,59,125,71
787,jhumbertlu@mayoclinic.com,15,6,2001,2,79,29,67,94,68
788,fdillicatelv@weebly.com,23,6,2008,2,54,29,62,94,70
789,leacottlw@multiply.com,18,4,2015,2,61,30,65,85,70
790,nmiddlelx@mediafire.com,12,5,2001,2,57,29,55,81,68
791,rdudnyly@army.mil,11,5,2005,2,61,34,66,124,71
792,rlackintonlz@tinypic.com,2,4,2006,2,86,28,55,102,72
793,jwaliszekm0@yahoo.com,24,6,2019,2,84,25,61,120,72
794,rdoncasterm1@cnbc.com,7,4,2002,2,89,29,62,108,69
795,pwadem2@ucla.edu,25,4,2000,2,71,34,63,79,71
796,szanellim3@simplemachines.org,14,6,2014,2,50,34,54,110,69
797,apierrim4@state.tx.us,27,5,2009,2,62,26,53,114,70
798,gkerim5@netscape.com,22,5,2013,2,90,31,65,98,71
799,jjarrellm6@paginegialle.it,1,4,2004,2,89,34,62,126,70
800,mmcluckiem7@symantec.com,10,6,2000,2,77,29,67,110,68
801,crestonm8@spotify.com,26,6,2010,2,53,31,54,95,70
802,fterrettm9@illinois.edu,30,6,2011,2,73,33,58,126,69
803,ebeardmorema@nature.com,1,6,2011,2,85,26,58,127,71
804,jmccaghanmb@booking.com,24,4,2017,2,60,26,65,89,72
805,jcrosslandmc@wunderground.com,2,4,2011,2,57,31,64,121,68
806,ymccallionmd@yandex.ru,8,6,2005,2,80,34,63,96,68
807,abuddleighme@soup.io,17,4,2007,2,51,25,55,113,68
808,ggeelymf@edublogs.org,14,4,2007,2,65,32,61,108,68
809,dentreismg@reddit.com,5,5,2018,2,50,34,65,118,70
810,rmirandomh@sun.com,11,6,2001,2,70,31,56,108,69
811,sgiacomellimi@ted.com,8,6,2004,2,63,30,62,83,71
812,whovemj@dedecms.com,30,6,2011,2,90,28,60,81,68
813,whabornmk@odnoklassniki.ru,23,4,2015,2,60,28,53,105,69
814,mbolzmannml@last.fm,25,4,2009,2,52,34,60,93,68
815,tpothergillmm@discovery.com,7,6,2007,2,67,25,59,109,72
816,akinneirmn@hhs.gov,7,6,2004,2,65,30,63,127,68
817,gmasarratmo@deliciousdays.com,30,4,2019,2,88,25,65,121,69
818,eswanemp@house.gov,21,5,2001,2,60,30,63,87,70
819,srobeiromq@ibm.com,15,6,2005,2,50,31,60,113,71
820,ahannawaymr@sogou.com,3,5,2015,2,85,33,53,108,72
821,ctubridyms@sogou.com,16,4,2011,2,76,27,58,125,70
822,eedworthyemt@about.me,12,6,2015,2,79,28,60,88,71
823,ssmeemu@seesaa.net,8,4,2019,2,58,31,56,91,69
824,tgarvaghmv@prlog.org,3,4,2014,2,80,29,59,89,70
825,mjamiesonmw@clickbank.net,16,4,2008,2,62,32,59,81,71
826,aleithgoemx@photobucket.com,17,5,2020,2,84,32,56,109,71
827,apallesenmy@msn.com,22,6,2007,2,83,26,67,108,72
828,vbyrchmz@mozilla.com,23,4,2019,2,80,32,56,85,72
829,cbelonen0@zimbio.com,26,4,2014,2,86,34,60,103,71
830,ubremleyn1@slashdot.org,30,6,2017,2,83,31,62,102,69
831,kdietonn2@unblog.fr,7,6,2013,2,54,33,62,122,72
832,fbartholomewn3@typepad.com,1,5,2002,2,86,29,64,100,68
833,apettisalln4@prlog.org,15,6,2004,2,56,35,61,112,72
834,htonkesn5@state.tx.us,15,5,2018,2,55,30,60,115,69
835,ostawelln6@sciencedirect.com,28,5,2014,2,52,35,64,121,69
836,ccummingsn7@bbc.co.uk,2,4,2016,2,73,28,64,92,72
837,bhusbandn8@google.fr,3,4,2001,2,82,34,65,124,71
838,lbrannonn9@ycombinator.com,2,6,2012,2,52,30,58,88,70
839,dtocquena@i2i.jp,27,4,2016,2,87,26,59,127,72
840,rmioninb@whitehouse.gov,19,6,2005,2,73,35,67,107,69
841,sthorleync@hubpages.com,24,5,2010,2,88,25,57,92,68
842,rcantosnd@wikispaces.com,11,5,2010,2,80,32,57,109,70
843,jlipyeatne@angelfire.com,18,4,2019,2,78,25,62,125,71
844,jbethunenf@mapy.cz,3,4,2003,2,60,27,66,105,72
845,wpeaseng@google.ca,23,5,2013,2,67,32,59,111,72
846,stomczykowskinh@pen.io,14,6,2018,2,50,34,63,120,72
847,sstamperni@dmoz.org,21,6,2009,2,89,26,53,98,70
848,eroslenj@pbs.org,3,5,2010,2,73,30,60,108,72
849,ztrollopenk@simplemachines.org,3,5,2009,2,88,25,64,127,70
850,pgatissnl@reference.com,3,5,2011,2,64,35,59,106,70
851,dceeleynm@nsw.gov.au,5,6,2015,2,75,32,54,100,69
852,kalenikovnn@google.es,5,5,2004,2,65,26,59,106,68
853,jgreedingno@skyrock.com,13,5,2002,2,88,27,59,117,70
854,jnorsisternp@lycos.com,26,5,2011,2,61,34,62,115,69
855,whairenq@ucsd.edu,3,5,2018,2,80,30,63,90,68
856,oguillartnr@blogspot.com,8,4,2013,2,88,25,54,101,68
857,sgrigoliisns@ucla.edu,26,6,2005,2,89,30,60,99,69
858,bferschkent@blogger.com,29,5,2005,2,90,25,63,94,68
859,swivellnu@163.com,13,6,2008,2,52,25,65,98,71
860,mgrasnv@theguardian.com,25,4,2007,2,52,35,58,127,72
861,rdeemingnw@ftc.gov,6,4,2005,2,76,35,61,107,69
862,ocrevaghnx@toplist.cz,9,4,2001,2,73,28,65,126,69
863,ttomblettny@cam.ac.uk,27,4,2001,2,54,27,66,114,70
864,rlambollnz@nydailynews.com,19,6,2010,2,57,27,53,110,72
865,aleaningo0@unc.edu,15,4,2006,2,76,30,64,125,72
866,mmasio1@networksolutions.com,30,6,2017,2,69,32,58,127,71
867,ecrosiero2@wordpress.com,7,6,2005,2,83,32,64,105,72
868,cgriffeo3@cbslocal.com,29,5,2010,2,79,27,67,95,69
869,eschollaro4@bandcamp.com,7,6,2019,2,53,35,57,81,71
870,hmccobbo5@twitter.com,9,6,2010,2,51,35,65,78,71
871,bwarcupo6@4shared.com,14,5,2017,2,63,26,55,78,68
872,akingeo7@amazon.de,26,4,2019,2,60,35,66,102,72
873,zcoarsero8@a8.net,21,5,2011,2,86,33,62,83,69
874,mchellamo9@netvibes.com,17,4,2006,2,80,33,53,118,69
875,mstainsonoa@hp.com,21,6,2006,2,55,28,58,89,70
876,tsywellob@newsvine.com,21,6,2001,2,59,33,63,125,72
877,cformoyoc@google.nl,10,5,2012,2,50,31,61,84,70
878,egoodingsod@reference.com,2,5,2001,2,60,33,61,95,70
879,lparnhamoe@tumblr.com,6,5,2005,2,54,33,61,86,68
880,klyesof@naver.com,1,5,2000,2,53,34,57,105,69
881,mhunstonog@instagram.com,29,4,2018,2,57,34,63,78,72
882,mmanceoh@whitehouse.gov,16,4,2010,2,55,35,67,98,72
883,dadeloi@state.gov,17,5,2018,2,84,34,55,78,69
884,bdobrowolnyoj@imageshack.us,9,4,2016,2,82,25,67,105,69
885,erowlandsok@liveinternet.ru,7,6,2011,2,55,31,65,106,69
886,bmcpeckol@nationalgeographic.com,3,4,2016,2,78,25,57,83,71
887,dvoaseom@xing.com,9,4,2020,2,65,34,55,84,72
888,hloftyon@java.com,6,4,2002,2,71,31,66,111,71
889,erockoo@senate.gov,30,6,2012,2,81,32,59,119,72
890,bmilmithop@oaic.gov.au,3,6,2017,2,90,35,57,124,71
891,kdunwoodyoq@symantec.com,20,4,2018,2,64,27,58,78,69
892,vmuncieor@cam.ac.uk,26,4,2007,2,70,34,59,122,72
893,hlivensos@google.ru,27,6,2019,2,64,33,56,112,68
894,eockwellot@wikia.com,15,4,2013,2,54,25,57,81,68
895,lllopou@oracle.com,17,4,2006,2,64,30,63,114,69
896,cmewisov@google.co.uk,9,5,2002,2,52,27,53,104,69
897,atowlow@eventbrite.com,15,4,2014,2,70,25,62,91,69
898,mgreedierox@deviantart.com,19,5,2010,2,85,32,66,91,68
899,broggerooy@xinhuanet.com,18,6,2016,2,81,28,63,86,72
900,edaringtonoz@flickr.com,10,4,2002,2,86,34,56,78,68
901,lpaulillop0@acquirethisname.com,2,4,2006,2,88,35,61,84,70
902,hferryp1@creativecommons.org,27,4,2018,2,82,34,53,123,68
903,nbruckenthalp2@sphinn.com,19,4,2017,2,71,28,60,95,72
904,ddownsep3@reuters.com,20,5,2017,2,85,30,55,96,71
905,aadrainp4@w3.org,2,4,2011,2,75,27,64,118,70
906,lbarronp5@sitemeter.com,28,6,2019,2,74,25,63,115,68
907,jordemannp6@vkontakte.ru,30,5,2000,2,79,28,57,121,69
908,sdaycep7@domainmarket.com,7,4,2007,2,68,35,57,107,70
909,dfisbyp8@quantcast.com,1,4,2012,2,80,31,61,101,72
910,jstreetp9@typepad.com,23,4,2019,2,66,33,67,124,72
911,atanswellpa@redcross.org,10,4,2010,2,89,29,58,89,72
912,iblacklawepb@tripadvisor.com,27,5,2011,2,62,29,55,125,72
913,pdaouzepc@omniture.com,25,6,2009,2,89,29,67,112,68
914,hrumenspd@accuweather.com,30,6,2016,2,65,29,63,92,72
915,mfolinipe@symantec.com,22,5,2005,2,69,31,53,124,69
916,lwikepf@technorati.com,11,5,2003,2,71,34,66,100,69
917,claredpg@tuttocitta.it,26,6,2002,2,81,31,55,103,72
918,sblanchetteph@liveinternet.ru,3,5,2000,2,70,27,56,84,69
919,aburgisspi@mozilla.org,3,5,2008,2,90,34,55,89,72
920,lbowcherpj@usa.gov,25,6,2019,2,78,32,64,81,69
921,acantopherpk@studiopress.com,21,6,2013,2,75,30,67,103,68
922,mchattellpl@merriam-webster.com,7,4,2008,2,84,31,60,83,70
923,rlindpm@elegantthemes.com,12,4,2003,2,58,31,56,127,69
924,mbodegapn@harvard.edu,29,5,2010,2,88,27,66,114,71
925,adeknevetpo@mapquest.com,6,6,2002,2,53,32,67,85,72
926,lfriftpp@hibu.com,30,4,2018,2,72,29,57,79,72
927,ivittelpq@marketwatch.com,5,5,2018,2,71,28,63,80,69
928,tanglishpr@webmd.com,4,6,2010,2,64,28,65,97,69
929,aheatleyps@odnoklassniki.ru,25,6,2015,2,63,29,58,80,69
930,ascemppt@eventbrite.com,11,5,2005,2,86,26,59,124,70
931,mjobernepu@example.com,22,4,2020,2,63,30,66,88,71
932,sklauerpv@dot.gov,22,5,2016,2,71,29,56,77,70
933,crosenwaldpw@examiner.com,11,5,2015,2,79,27,60,93,68
934,enittipx@1und1.de,26,6,2012,2,59,32,64,120,68
935,tklavespy@cdbaby.com,9,6,2006,2,60,33,62,119,71
936,rbynoldpz@aboutads.info,5,5,2001,2,76,25,56,127,69
937,egrummittq0@multiply.com,10,5,2016,2,54,25,65,98,70
938,kbelfrageq1@imageshack.us,3,4,2004,2,84,27,58,85,68
939,eclagueq2@quantcast.com,8,6,2011,2,77,30,60,127,72
940,scathelq3@t-online.de,2,6,2013,2,55,32,64,125,72
941,mstirmanq4@usda.gov,2,6,2003,2,82,35,59,106,69
942,lsiberyq5@cdbaby.com,24,6,2013,2,89,35,57,125,72
943,mnelsenq6@tripadvisor.com,8,5,2014,2,72,26,61,124,68
944,sbryentonq7@rambler.ru,4,5,2018,2,63,28,64,111,72
945,gcisarq8@woothemes.com,11,5,2013,2,73,33,53,91,72
946,hbourdonq9@whitehouse.gov,26,6,2017,2,72,27,64,93,72
947,nlilbourneqa@t.co,12,5,2017,2,76,33,53,124,69
948,gtaffeqb@reference.com,12,5,2003,2,60,32,57,124,69
949,gyukhinqc@weebly.com,27,5,2018,2,68,30,62,105,68
950,mallsebrookqd@taobao.com,3,6,2013,2,51,33,55,99,70
951,bbenwellqe@whitehouse.gov,19,5,2005,2,89,28,58,90,70
952,lsamesqf@techcrunch.com,24,6,2016,2,50,34,55,82,71
953,emyrieqg@yale.edu,6,6,2011,2,62,33,67,110,71
954,lclausenthueqh@disqus.com,18,5,2000,2,58,27,60,92,71
955,mgronauerqi@stanford.edu,19,6,2012,2,72,31,67,105,69
956,vjannequinqj@gmpg.org,26,6,2015,2,64,35,65,77,69
957,mcordovaqk@lulu.com,2,4,2002,2,81,34,60,86,72
958,bbeetonql@biglobe.ne.jp,13,4,2005,2,79,32,54,100,69
959,rbenneqm@meetup.com,3,5,2013,2,67,29,57,117,71
960,ephippinqn@ameblo.jp,14,4,2019,2,69,35,55,91,70
961,frennoxqo@vistaprint.com,16,5,2020,2,60,25,61,89,69
962,wdurnqp@dailymotion.com,24,5,2020,2,50,27,55,93,69
963,cleipoldqq@instagram.com,23,5,2020,2,79,30,62,88,68
964,pdrakeqr@so-net.ne.jp,21,6,2014,2,55,27,60,116,69
965,ocoonqs@netvibes.com,8,4,2020,2,56,31,56,88,69
966,fdegogayqt@va.gov,27,5,2013,2,70,34,67,88,68
967,pconstantinequ@wix.com,11,5,2003,2,67,32,58,85,68
968,vdobbinsonqv@issuu.com,9,6,2004,2,55,31,60,124,69
969,tbewickeqw@tinyurl.com,15,5,2020,2,85,29,59,86,71
970,jmahonyqx@alexa.com,22,4,2007,2,85,28,59,80,72
971,fspottswoodqy@ehow.com,17,4,2013,2,82,28,60,88,69
972,jitterqz@ustream.tv,23,5,2006,2,70,29,58,87,70
973,wmabenr0@nps.gov,5,6,2005,2,65,29,53,113,71
974,vdeanr1@altervista.org,3,6,2016,2,83,35,60,90,71
975,askottler2@ox.ac.uk,17,4,2018,2,82,26,62,81,70
976,awilseer3@bizjournals.com,10,6,2013,2,66,32,64,121,71
977,acogzellr4@xrea.com,12,5,2016,2,87,35,59,116,70
978,spirrier5@icio.us,3,5,2018,2,62,31,53,90,71
979,djenner6@wired.com,20,5,2008,2,71,30,64,85,71
980,pdodridger7@nyu.edu,11,5,2001,2,73,25,58,91,68
981,rlettleyr8@unblog.fr,25,6,2007,2,89,26,58,83,69
982,itarrr9@google.com.au,11,4,2000,2,63,29,58,101,71
983,cbonteinra@hao123.com,23,5,2015,2,84,30,57,107,72
984,kschulkinsrb@pagesperso-orange.fr,12,4,2015,2,82,28,64,115,69
985,abloxsumrc@blinklist.com,22,6,2001,2,55,29,56,114,72
986,ptolandrd@noaa.gov,21,4,2000,2,88,35,62,113,70
987,bdunrigere@miitbeian.gov.cn,14,4,2011,2,80,35,64,113,69
988,snutbeanrf@1und1.de,15,4,2001,2,69,31,59,123,68
989,nreevesrg@howstuffworks.com,26,4,2002,2,73,29,54,105,70
990,dbarochrh@mit.edu,7,4,2015,2,79,30,58,123,68
991,cwinnettri@upenn.edu,6,4,2009,2,58,27,56,108,72
992,jchamberlainerj@51.la,9,4,2020,2,61,26,62,82,68
993,rbottingrk@sfgate.com,14,4,2014,2,81,25,67,93,70
994,fpautotrl@qq.com,30,4,2004,2,57,25,59,103,69
995,pfeatonbyrm@jugem.jp,2,5,2020,2,78,33,57,122,69
996,fgabbitusrn@e-recht24.de,3,4,2000,2,70,30,65,94,71
997,gshirleyro@typepad.com,30,4,2017,2,57,26,63,125,72
998,hdobbinsrp@flickr.com,17,5,2010,2,73,28,54,103,68
999,mionnidisrq@mysql.com,23,6,2008,2,90,35,53,99,72
1000,bgiacobborr@blogspot.com,28,6,2012,2,61,33,53,117,71
